-- phpMyAdmin SQL Dump
-- version 4.8.3
-- https://www.phpmyadmin.net/
--
-- Host: 127.0.0.1
-- Generation Time: Nov 18, 2020 at 05:07 AM
-- Server version: 10.1.36-MariaDB
-- PHP Version: 7.2.10

SET SQL_MODE = "NO_AUTO_VALUE_ON_ZERO";
SET AUTOCOMMIT = 0;
START TRANSACTION;
SET time_zone = "+00:00";


/*!40101 SET @OLD_CHARACTER_SET_CLIENT=@@CHARACTER_SET_CLIENT */;
/*!40101 SET @OLD_CHARACTER_SET_RESULTS=@@CHARACTER_SET_RESULTS */;
/*!40101 SET @OLD_COLLATION_CONNECTION=@@COLLATION_CONNECTION */;
/*!40101 SET NAMES utf8mb4 */;

--
-- Database: `forcastingandoptimizing`
--

-- --------------------------------------------------------

--
-- Table structure for table `indeks_musiman`
--

CREATE TABLE `indeks_musiman` (
  `id_indeks_musiman` int(5) NOT NULL,
  `id_peramalan` varchar(5) NOT NULL,
  `tahun` int(4) NOT NULL,
  `kuartal` int(1) NOT NULL,
  `hasil_indeks_musiman` double NOT NULL
) ENGINE=InnoDB DEFAULT CHARSET=latin1;

--
-- Dumping data for table `indeks_musiman`
--

INSERT INTO `indeks_musiman` (`id_indeks_musiman`, `id_peramalan`, `tahun`, `kuartal`, `hasil_indeks_musiman`) VALUES
(171, 'Fc001', 2018, 1, 85.238235521161),
(172, 'Fc002', 2018, 2, 96.16943029507),
(173, 'Fc003', 2018, 3, 105.46559738695),
(174, 'Fc004', 2018, 4, 113.12673679681),
(175, 'Fc005', 2019, 1, 85.238235521161),
(176, 'Fc006', 2019, 2, 96.16943029507),
(177, 'Fc007', 2019, 3, 105.46559738695),
(178, 'Fc008', 2019, 4, 113.12673679681),
(179, 'Fc009', 2020, 1, 85.238235521161),
(180, 'Fc010', 2020, 2, 96.16943029507),
(181, 'Fc011', 2020, 3, 105.46559738695),
(182, 'Fc012', 2020, 4, 113.12673679681);

-- --------------------------------------------------------

--
-- Table structure for table `kesalahan`
--

CREATE TABLE `kesalahan` (
  `id_kesalahan` int(5) NOT NULL,
  `id_peramalan` varchar(5) NOT NULL,
  `tahun` int(4) NOT NULL,
  `kuartal` int(1) NOT NULL,
  `nilai_MSE` double NOT NULL,
  `nilai_MAPE` double NOT NULL
) ENGINE=InnoDB DEFAULT CHARSET=latin1;

--
-- Dumping data for table `kesalahan`
--

INSERT INTO `kesalahan` (`id_kesalahan`, `id_peramalan`, `tahun`, `kuartal`, `nilai_MSE`, `nilai_MAPE`) VALUES
(157, 'Fc001', 2018, 1, 3727528.337783, 11.839330135142),
(158, 'Fc002', 2018, 2, 4041582.5853688, 11.846390861593),
(159, 'Fc003', 2018, 3, 3583469.3963199, 12.03582595998),
(160, 'Fc004', 2018, 4, 4529199.4665504, 11.287404983196),
(161, 'Fc005', 2019, 1, 3727528.337783, 11.839330135142),
(162, 'Fc006', 2019, 2, 4041582.5853688, 11.846390861593),
(163, 'Fc007', 2019, 3, 3583469.3963199, 12.03582595998),
(164, 'Fc008', 2019, 4, 4529199.4665504, 11.287404983196),
(165, 'Fc009', 2020, 1, 3727528.337783, 11.839330135142),
(166, 'Fc010', 2020, 2, 4041582.5853688, 11.846390861593),
(167, 'Fc011', 2020, 3, 3583469.3963199, 12.03582595998),
(168, 'Fc012', 2020, 4, 4529199.4665504, 11.287404983196);

-- --------------------------------------------------------

--
-- Table structure for table `keuntungan`
--

CREATE TABLE `keuntungan` (
  `id_keuntungan` int(1) NOT NULL,
  `tahun` int(4) NOT NULL,
  `kuartal` int(1) NOT NULL,
  `peramalan_produksi` varchar(20) NOT NULL,
  `keuntungan` varchar(20) NOT NULL
) ENGINE=InnoDB DEFAULT CHARSET=latin1;

--
-- Dumping data for table `keuntungan`
--

INSERT INTO `keuntungan` (`id_keuntungan`, `tahun`, `kuartal`, `peramalan_produksi`, `keuntungan`) VALUES
(2, 2020, 3, '2662.5513076444', '9824814.3252078'),
(3, 2020, 4, '2463.199471948', '9089206.0514881');

-- --------------------------------------------------------

--
-- Table structure for table `kuartal`
--

CREATE TABLE `kuartal` (
  `id_kuartal` int(1) NOT NULL,
  `kuartal` varchar(9) NOT NULL
) ENGINE=InnoDB DEFAULT CHARSET=latin1;

--
-- Dumping data for table `kuartal`
--

INSERT INTO `kuartal` (`id_kuartal`, `kuartal`) VALUES
(1, '01 AND 03'),
(2, '04 AND 06'),
(3, '07 AND 09'),
(4, '10 AND 12');

-- --------------------------------------------------------

--
-- Table structure for table `nk`
--

CREATE TABLE `nk` (
  `id_nk` int(11) NOT NULL,
  `nilai_nk` double NOT NULL
) ENGINE=InnoDB DEFAULT CHARSET=latin1;

--
-- Dumping data for table `nk`
--

INSERT INTO `nk` (`id_nk`, `nilai_nk`) VALUES
(7, 7265.4545454545),
(8, 5367.8571428571),
(9, 3690);

-- --------------------------------------------------------

--
-- Table structure for table `peramalan`
--

CREATE TABLE `peramalan` (
  `id_peramalan` varchar(5) NOT NULL,
  `tahun` int(4) NOT NULL,
  `kuartal` int(1) NOT NULL,
  `jumlah_produksi` double NOT NULL,
  `hasil_peramalan` double NOT NULL
) ENGINE=InnoDB DEFAULT CHARSET=latin1;

--
-- Dumping data for table `peramalan`
--

INSERT INTO `peramalan` (`id_peramalan`, `tahun`, `kuartal`, `jumlah_produksi`, `hasil_peramalan`) VALUES
('Fc001', 2018, 1, 0, 2358.3074052419),
('Fc002', 2018, 2, 0, 2891.5833612811),
('Fc003', 2018, 3, 0, 3362.3188421067),
('Fc004', 2018, 4, 0, 3745.2435688032),
('Fc005', 2019, 1, 0, 2876.3893962818),
('Fc006', 2019, 2, 0, 3250.2141933249),
('Fc007', 2019, 3, 0, 3507.8893808),
('Fc008', 2019, 4, 0, 3635.6661833734),
('Fc009', 2020, 1, 0, 2593.6102180929),
('Fc010', 2020, 2, 0, 2705.279132442),
('Fc011', 2020, 3, 0, 2662.5513076444),
('Fc012', 2020, 4, 0, 2463.199471948);

-- --------------------------------------------------------

--
-- Table structure for table `permintaan_pasar`
--

CREATE TABLE `permintaan_pasar` (
  `id_permintaan_pasar` varchar(4) NOT NULL,
  `nama_daerah` varchar(30) NOT NULL,
  `jumlah` int(4) NOT NULL,
  `harga` int(6) NOT NULL
) ENGINE=InnoDB DEFAULT CHARSET=latin1;

--
-- Dumping data for table `permintaan_pasar`
--

INSERT INTO `permintaan_pasar` (`id_permintaan_pasar`, `nama_daerah`, `jumlah`, `harga`) VALUES
('A001', 'Jember', 200, 11000),
('A002', 'Bondowoso', 50, 13000),
('A003', 'Situbondo', 100, 13000),
('A004', 'Banyuwangi', 300, 11000),
('A005', 'Probolinggo', 200, 13000);

-- --------------------------------------------------------

--
-- Table structure for table `produksi`
--

CREATE TABLE `produksi` (
  `id_produksi` varchar(6) NOT NULL,
  `tanggal` date NOT NULL,
  `suhu_kumbung` int(3) NOT NULL,
  `suhu_baglog` int(3) NOT NULL,
  `kelembapan` int(3) NOT NULL,
  `jumlah_produksi` double NOT NULL
) ENGINE=InnoDB DEFAULT CHARSET=latin1;

--
-- Dumping data for table `produksi`
--

INSERT INTO `produksi` (`id_produksi`, `tanggal`, `suhu_kumbung`, `suhu_baglog`, `kelembapan`, `jumlah_produksi`) VALUES
('P00001', '2018-05-07', 26, 28, 60, 1.4),
('P00002', '2018-05-08', 26, 28, 60, 1.3),
('P00003', '2018-05-09', 26, 28, 60, 1.5),
('P00004', '2018-05-10', 26, 28, 60, 0.8),
('P00005', '2018-05-11', 26, 28, 60, 2.2),
('P00006', '2018-05-12', 26, 28, 60, 3.8),
('P00007', '2018-05-13', 26, 28, 60, 9.8),
('P00008', '2018-05-14', 26, 28, 60, 11.1),
('P00009', '2018-05-15', 26, 28, 60, 16.5),
('P00010', '2018-05-16', 26, 28, 60, 90),
('P00011', '2018-05-17', 26, 28, 60, 12.5),
('P00012', '2018-05-18', 26, 28, 60, 9),
('P00013', '2018-05-19', 26, 28, 60, 10.2),
('P00014', '2018-05-20', 26, 28, 60, 11),
('P00015', '2018-05-21', 26, 28, 60, 5.5),
('P00016', '2018-05-22', 26, 28, 60, 9),
('P00017', '2018-05-23', 26, 28, 60, 7.5),
('P00018', '2018-05-24', 26, 28, 60, 9),
('P00019', '2018-05-25', 26, 28, 60, 6.6),
('P00020', '2018-05-26', 26, 28, 60, 9.2),
('P00021', '2018-05-27', 26, 28, 60, 16.5),
('P00022', '2018-05-28', 26, 28, 60, 8),
('P00023', '2018-05-29', 26, 28, 60, 11),
('P00024', '2018-05-30', 26, 28, 60, 10.4),
('P00025', '2018-05-31', 26, 28, 60, 9.9),
('P00026', '2018-06-01', 26, 28, 60, 8),
('P00027', '2018-06-02', 26, 28, 60, 11.3),
('P00028', '2018-06-03', 26, 28, 60, 15.5),
('P00029', '2018-06-04', 26, 28, 60, 20),
('P00030', '2018-06-05', 26, 28, 60, 18.5),
('P00031', '2018-06-06', 26, 28, 60, 25),
('P00032', '2018-06-07', 26, 28, 60, 23),
('P00033', '2018-06-08', 26, 28, 60, 31),
('P00034', '2018-06-09', 26, 28, 60, 48.5),
('P00035', '2018-06-10', 26, 28, 60, 32.9),
('P00036', '2018-06-11', 26, 28, 60, 26),
('P00037', '2018-06-12', 26, 28, 60, 21.7),
('P00038', '2018-06-13', 26, 28, 60, 29),
('P00039', '2018-06-14', 26, 28, 60, 23),
('P00040', '2018-06-15', 26, 28, 60, 24),
('P00041', '2018-06-16', 26, 28, 60, 29),
('P00042', '2018-06-17', 26, 28, 60, 30),
('P00043', '2018-06-18', 26, 28, 60, 31),
('P00044', '2018-06-19', 26, 28, 60, 33),
('P00045', '2018-06-20', 26, 28, 60, 30),
('P00046', '2018-06-21', 26, 28, 60, 51.2),
('P00047', '2018-06-22', 26, 28, 60, 48),
('P00048', '2018-06-23', 26, 28, 60, 55),
('P00049', '2018-06-24', 26, 28, 60, 42),
('P00050', '2018-06-25', 26, 28, 60, 45.5),
('P00051', '2018-06-26', 26, 28, 60, 44),
('P00052', '2018-06-27', 26, 28, 60, 42),
('P00053', '2018-06-28', 26, 28, 60, 42),
('P00054', '2018-06-29', 26, 28, 60, 43.5),
('P00055', '2018-06-30', 26, 28, 60, 44.4),
('P00056', '2018-07-01', 26, 28, 60, 39.5),
('P00057', '2018-07-02', 26, 28, 60, 51.5),
('P00058', '2018-07-03', 26, 28, 60, 50),
('P00059', '2018-07-04', 26, 28, 60, 50),
('P00060', '2018-07-05', 26, 28, 60, 48),
('P00061', '2018-07-06', 26, 28, 60, 50),
('P00062', '2018-07-07', 26, 28, 60, 42.3),
('P00063', '2018-07-08', 26, 28, 60, 47.1),
('P00064', '2018-07-09', 26, 28, 60, 54.5),
('P00065', '2018-07-10', 26, 28, 60, 63.2),
('P00066', '2018-07-11', 26, 28, 60, 41.3),
('P00067', '2018-07-12', 26, 28, 60, 58.9),
('P00068', '2018-07-13', 26, 28, 60, 50.5),
('P00069', '2018-07-14', 26, 28, 60, 45),
('P00070', '2018-07-15', 26, 28, 60, 48),
('P00071', '2018-07-16', 26, 28, 60, 52.7),
('P00072', '2018-07-17', 26, 28, 60, 44.5),
('P00073', '2018-07-18', 26, 28, 60, 34),
('P00074', '2018-07-19', 26, 28, 60, 39.5),
('P00075', '2018-07-20', 26, 28, 60, 34.5),
('P00076', '2018-07-21', 26, 28, 60, 32.5),
('P00077', '2018-07-22', 26, 28, 60, 30),
('P00078', '2018-07-23', 26, 28, 60, 32),
('P00079', '2018-07-24', 26, 28, 60, 26),
('P00080', '2018-07-25', 26, 28, 60, 21),
('P00081', '2018-07-26', 26, 28, 60, 22),
('P00082', '2018-07-27', 26, 28, 60, 25.5),
('P00083', '2018-07-28', 26, 28, 60, 25.5),
('P00084', '2018-07-29', 26, 28, 60, 23.5),
('P00085', '2018-07-30', 26, 28, 60, 22.5),
('P00086', '2018-07-31', 26, 28, 60, 22),
('P00087', '2018-08-01', 26, 28, 60, 22),
('P00088', '2018-08-02', 26, 28, 60, 34),
('P00089', '2018-08-03', 26, 28, 60, 39),
('P00090', '2018-08-04', 26, 28, 60, 52.5),
('P00091', '2018-08-05', 26, 28, 60, 50),
('P00092', '2018-08-06', 26, 28, 60, 41),
('P00093', '2018-08-07', 26, 28, 60, 47),
('P00094', '2018-08-08', 26, 28, 60, 45),
('P00095', '2018-08-09', 26, 28, 60, 42),
('P00096', '2018-08-10', 26, 28, 60, 36),
('P00097', '2018-08-11', 26, 28, 60, 32.5),
('P00098', '2018-08-12', 26, 28, 60, 22),
('P00099', '2018-08-13', 26, 28, 60, 50),
('P00100', '2018-08-14', 26, 28, 60, 59),
('P00101', '2018-08-15', 26, 28, 60, 48),
('P00102', '2018-08-16', 26, 28, 60, 35),
('P00103', '2018-08-17', 26, 28, 60, 27.5),
('P00104', '2018-08-18', 26, 28, 60, 25),
('P00105', '2018-08-19', 26, 28, 60, 31),
('P00106', '2018-08-20', 26, 28, 60, 36),
('P00107', '2018-08-21', 26, 28, 60, 21),
('P00108', '2018-08-22', 26, 28, 60, 20),
('P00109', '2018-08-23', 26, 28, 60, 35),
('P00110', '2018-08-24', 26, 28, 60, 26),
('P00111', '2018-08-25', 26, 28, 60, 34),
('P00112', '2018-08-26', 26, 28, 60, 29),
('P00113', '2018-08-27', 26, 28, 60, 41.5),
('P00114', '2018-08-28', 26, 28, 60, 35.5),
('P00115', '2018-08-29', 26, 28, 60, 30),
('P00116', '2018-08-30', 26, 28, 60, 28),
('P00117', '2018-08-31', 26, 28, 60, 25),
('P00118', '2018-09-01', 26, 28, 60, 33),
('P00119', '2018-09-02', 26, 28, 60, 25),
('P00120', '2018-09-03', 26, 28, 60, 21),
('P00121', '2018-09-04', 26, 28, 60, 20),
('P00122', '2018-09-05', 26, 28, 60, 24),
('P00123', '2018-09-06', 26, 28, 60, 21.5),
('P00124', '2018-09-07', 26, 28, 60, 16),
('P00125', '2018-09-08', 26, 28, 60, 12),
('P00126', '2018-09-09', 26, 28, 60, 16.5),
('P00127', '2018-09-10', 26, 28, 60, 15),
('P00128', '2018-09-11', 26, 28, 60, 17),
('P00129', '2018-09-12', 26, 28, 60, 23),
('P00130', '2018-09-13', 26, 28, 60, 19.5),
('P00131', '2018-09-14', 26, 28, 60, 20),
('P00132', '2018-09-15', 26, 28, 60, 16),
('P00133', '2018-09-16', 26, 28, 60, 16),
('P00134', '2018-09-17', 26, 28, 60, 19),
('P00135', '2018-09-18', 26, 28, 60, 17),
('P00136', '2018-09-19', 26, 28, 60, 14.5),
('P00137', '2018-09-20', 26, 28, 60, 18.5),
('P00138', '2018-09-21', 26, 28, 60, 21),
('P00139', '2018-09-22', 26, 28, 60, 13.5),
('P00140', '2018-09-23', 26, 28, 60, 13.5),
('P00141', '2018-09-24', 26, 28, 60, 15),
('P00142', '2018-09-25', 26, 28, 60, 10.5),
('P00143', '2018-09-26', 26, 28, 60, 10.5),
('P00144', '2018-09-27', 26, 28, 60, 7),
('P00145', '2018-09-28', 26, 28, 60, 7.5),
('P00146', '2018-09-29', 26, 28, 60, 13.5),
('P00147', '2018-09-30', 26, 28, 60, 18.5),
('P00148', '2018-10-01', 26, 28, 60, 18),
('P00149', '2018-10-02', 26, 28, 60, 22.5),
('P00150', '2018-10-03', 26, 28, 60, 22),
('P00151', '2018-10-04', 26, 28, 60, 20),
('P00152', '2018-10-05', 26, 28, 60, 17),
('P00153', '2018-10-06', 26, 28, 60, 17.5),
('P00154', '2018-10-07', 26, 28, 60, 11),
('P00155', '2018-10-08', 26, 28, 60, 10),
('P00156', '2018-10-09', 26, 28, 60, 10),
('P00157', '2018-10-10', 26, 28, 60, 12),
('P00158', '2018-10-11', 26, 28, 60, 13),
('P00159', '2018-10-12', 26, 28, 60, 15),
('P00160', '2018-10-13', 26, 28, 60, 19),
('P00161', '2018-10-14', 26, 28, 60, 16),
('P00162', '2018-10-15', 26, 28, 60, 18),
('P00163', '2018-10-16', 26, 28, 60, 13),
('P00164', '2018-10-17', 26, 28, 60, 10),
('P00165', '2018-10-18', 26, 28, 60, 11),
('P00166', '2018-10-19', 26, 28, 60, 11),
('P00167', '2018-10-20', 26, 28, 60, 12.5),
('P00168', '2018-10-21', 26, 28, 60, 10),
('P00169', '2018-10-22', 26, 28, 60, 12),
('P00170', '2018-10-23', 26, 28, 60, 17),
('P00171', '2018-10-24', 26, 28, 60, 18),
('P00172', '2018-10-25', 26, 28, 60, 16.5),
('P00173', '2018-10-26', 26, 28, 60, 18.5),
('P00174', '2018-10-27', 26, 28, 60, 18),
('P00175', '2018-10-28', 26, 28, 60, 20),
('P00176', '2018-10-29', 26, 28, 60, 19),
('P00177', '2018-10-30', 26, 28, 60, 15.5),
('P00178', '2018-10-31', 26, 28, 60, 17),
('P00179', '2018-11-01', 26, 28, 60, 20.5),
('P00180', '2018-11-02', 26, 28, 60, 19.5),
('P00181', '2018-11-03', 26, 28, 60, 23.5),
('P00182', '2018-11-04', 26, 28, 60, 28),
('P00183', '2018-11-05', 26, 28, 60, 35.5),
('P00184', '2018-11-06', 26, 28, 60, 40.5),
('P00185', '2018-11-07', 26, 28, 60, 51.5),
('P00186', '2018-11-08', 26, 28, 60, 42),
('P00187', '2018-11-09', 26, 28, 60, 41.5),
('P00188', '2018-11-10', 26, 28, 60, 47),
('P00189', '2018-11-11', 26, 28, 60, 42),
('P00190', '2018-11-12', 26, 28, 60, 34),
('P00191', '2018-11-13', 26, 28, 60, 30),
('P00192', '2018-11-14', 26, 28, 60, 24.5),
('P00193', '2018-11-15', 26, 28, 60, 24.5),
('P00194', '2018-11-16', 26, 28, 60, 25.5),
('P00195', '2018-11-17', 26, 28, 60, 26),
('P00196', '2018-11-18', 26, 28, 60, 13),
('P00197', '2018-11-19', 26, 28, 60, 17.5),
('P00198', '2018-11-20', 26, 28, 60, 9),
('P00199', '2018-11-21', 26, 28, 60, 9),
('P00200', '2018-11-22', 26, 28, 60, 9),
('P00201', '2018-11-23', 26, 28, 60, 8.5),
('P00202', '2018-11-24', 26, 28, 60, 9),
('P00203', '2018-11-25', 26, 28, 60, 13),
('P00204', '2018-11-26', 26, 28, 60, 19),
('P00205', '2018-11-27', 26, 28, 60, 18),
('P00206', '2018-11-28', 26, 28, 60, 29),
('P00207', '2018-11-29', 26, 28, 60, 47.5),
('P00208', '2018-11-30', 26, 28, 60, 51),
('P00209', '2018-12-01', 26, 28, 60, 47),
('P00210', '2018-12-02', 26, 28, 60, 51),
('P00211', '2018-12-03', 26, 28, 60, 67.5),
('P00212', '2018-12-04', 26, 28, 60, 46.5),
('P00213', '2018-12-05', 26, 28, 60, 33),
('P00214', '2018-12-06', 26, 28, 60, 36),
('P00215', '2018-12-07', 26, 28, 60, 37),
('P00216', '2018-12-08', 26, 28, 60, 25),
('P00217', '2018-12-09', 26, 28, 60, 18),
('P00218', '2018-12-10', 26, 28, 60, 21.5),
('P00219', '2018-12-11', 26, 28, 60, 13.5),
('P00220', '2018-12-12', 26, 28, 60, 19),
('P00221', '2018-12-13', 26, 28, 60, 22.5),
('P00222', '2018-12-14', 26, 28, 60, 20.5),
('P00223', '2018-12-15', 26, 28, 60, 12),
('P00224', '2018-12-16', 26, 28, 60, 8.5),
('P00225', '2018-12-17', 26, 28, 60, 7),
('P00226', '2018-12-18', 26, 28, 60, 10.5),
('P00227', '2018-12-19', 26, 28, 60, 18),
('P00228', '2018-12-20', 26, 28, 60, 26.5),
('P00229', '2018-12-21', 26, 28, 60, 37),
('P00230', '2018-12-22', 26, 28, 60, 40),
('P00231', '2018-12-23', 26, 28, 60, 50.5),
('P00232', '2018-12-24', 26, 28, 60, 57),
('P00233', '2018-12-25', 26, 28, 60, 68),
('P00234', '2018-12-26', 26, 28, 60, 69.5),
('P00235', '2018-12-27', 26, 28, 60, 34.5),
('P00236', '2018-12-28', 26, 28, 60, 29),
('P00237', '2018-12-29', 26, 28, 60, 24),
('P00238', '2018-12-30', 26, 28, 60, 25.5),
('P00239', '2018-12-31', 26, 28, 60, 32),
('P00240', '2019-01-01', 26, 28, 60, 39),
('P00241', '2019-01-02', 26, 28, 60, 34),
('P00242', '2019-01-03', 26, 28, 60, 19),
('P00243', '2019-01-04', 26, 28, 60, 20),
('P00244', '2019-01-05', 26, 28, 60, 17.5),
('P00245', '2019-01-06', 26, 28, 60, 16),
('P00246', '2019-01-07', 26, 28, 60, 15.5),
('P00247', '2019-01-08', 26, 28, 60, 10.5),
('P00248', '2019-01-09', 26, 28, 60, 13.5),
('P00249', '2019-01-10', 26, 28, 60, 22.5),
('P00250', '2019-01-11', 26, 28, 60, 24.5),
('P00251', '2019-01-12', 26, 28, 60, 14),
('P00252', '2019-01-13', 26, 28, 60, 14.5),
('P00253', '2019-01-14', 26, 28, 60, 16),
('P00254', '2019-01-15', 26, 28, 60, 18),
('P00255', '2019-01-16', 26, 28, 60, 22),
('P00256', '2019-01-17', 26, 28, 60, 19.5),
('P00257', '2019-01-18', 26, 28, 60, 17),
('P00258', '2019-01-19', 26, 28, 60, 15.5),
('P00259', '2019-01-20', 26, 28, 60, 19.5),
('P00260', '2019-01-21', 26, 28, 60, 21),
('P00261', '2019-01-22', 26, 28, 60, 18),
('P00262', '2019-01-23', 26, 28, 60, 24),
('P00263', '2019-01-24', 26, 28, 60, 27.5),
('P00264', '2019-01-25', 26, 28, 60, 28),
('P00265', '2019-01-26', 26, 28, 60, 32),
('P00266', '2019-01-27', 26, 28, 60, 26.5),
('P00267', '2019-01-28', 26, 28, 60, 28.5),
('P00268', '2019-01-29', 26, 28, 60, 32),
('P00269', '2019-01-30', 26, 28, 60, 41),
('P00270', '2019-01-31', 26, 28, 60, 46.5),
('P00271', '2019-02-01', 26, 28, 60, 39.5),
('P00272', '2019-02-02', 26, 28, 60, 30),
('P00273', '2019-02-03', 26, 28, 60, 24.5),
('P00274', '2019-02-04', 26, 28, 60, 16),
('P00275', '2019-02-05', 26, 28, 60, 10),
('P00276', '2019-02-06', 26, 28, 60, 10),
('P00277', '2019-02-07', 26, 28, 60, 13),
('P00278', '2019-02-08', 26, 28, 60, 16.5),
('P00279', '2019-02-09', 26, 28, 60, 21.5),
('P00280', '2019-02-10', 26, 28, 60, 18),
('P00281', '2019-02-11', 26, 28, 60, 30.5),
('P00282', '2019-02-12', 26, 28, 60, 19.5),
('P00283', '2019-02-13', 26, 28, 60, 15.5),
('P00284', '2019-02-14', 26, 28, 60, 14),
('P00285', '2019-02-15', 26, 28, 60, 18),
('P00286', '2019-02-16', 26, 28, 60, 24.5),
('P00287', '2019-02-17', 26, 28, 60, 25.5),
('P00288', '2019-02-18', 26, 28, 60, 20),
('P00289', '2019-02-19', 26, 28, 60, 15.5),
('P00290', '2019-02-20', 26, 28, 60, 17),
('P00291', '2019-02-21', 26, 28, 60, 17),
('P00292', '2019-02-22', 26, 28, 60, 21),
('P00293', '2019-02-23', 26, 28, 60, 18.5),
('P00294', '2019-02-24', 26, 28, 60, 16.5),
('P00295', '2019-02-25', 26, 28, 60, 16.5),
('P00296', '2019-02-26', 26, 28, 60, 12),
('P00297', '2019-02-27', 26, 28, 60, 10.5),
('P00298', '2019-02-28', 26, 28, 60, 11.5),
('P00299', '2019-03-01', 26, 28, 60, 6),
('P00300', '2019-03-02', 26, 28, 60, 7.5),
('P00301', '2019-03-03', 26, 28, 60, 7),
('P00302', '2019-03-04', 26, 28, 60, 7),
('P00303', '2019-03-05', 26, 28, 60, 9.5),
('P00304', '2019-03-06', 26, 28, 60, 9.5),
('P00305', '2019-03-07', 26, 28, 60, 23.5),
('P00306', '2019-03-08', 26, 28, 60, 13),
('P00307', '2019-03-09', 26, 28, 60, 9),
('P00308', '2019-03-10', 26, 28, 60, 11),
('P00309', '2019-03-11', 26, 28, 60, 13),
('P00310', '2019-03-12', 26, 28, 60, 13),
('P00311', '2019-03-13', 26, 28, 60, 11),
('P00312', '2019-03-14', 26, 28, 60, 10),
('P00313', '2019-03-15', 26, 28, 60, 14),
('P00314', '2019-03-16', 26, 28, 60, 10),
('P00315', '2019-03-17', 26, 28, 60, 10.5),
('P00316', '2019-03-18', 26, 28, 60, 15.5),
('P00317', '2019-03-19', 26, 28, 60, 16),
('P00318', '2019-03-20', 26, 28, 60, 9),
('P00319', '2019-03-21', 26, 28, 60, 8.5),
('P00320', '2019-03-22', 26, 28, 60, 9),
('P00321', '2019-03-23', 26, 28, 60, 10),
('P00322', '2019-03-24', 26, 28, 60, 11),
('P00323', '2019-03-25', 26, 28, 60, 19.5),
('P00324', '2019-03-26', 26, 28, 60, 17.5),
('P00325', '2019-03-27', 26, 28, 60, 16.5),
('P00326', '2019-03-28', 26, 28, 60, 13),
('P00327', '2019-03-29', 26, 28, 60, 9),
('P00328', '2019-03-30', 26, 28, 60, 9),
('P00329', '2019-03-31', 26, 28, 60, 10.5),
('P00330', '2019-04-01', 26, 28, 60, 17.5),
('P00331', '2019-04-02', 26, 28, 60, 22.5),
('P00332', '2019-04-03', 26, 28, 60, 19),
('P00333', '2019-04-04', 26, 28, 60, 22),
('P00334', '2019-04-05', 26, 28, 60, 29),
('P00335', '2019-04-06', 26, 28, 60, 30.5),
('P00336', '2019-04-07', 26, 28, 60, 32),
('P00337', '2019-04-08', 26, 28, 60, 48),
('P00338', '2019-04-09', 26, 28, 60, 53.5),
('P00339', '2019-04-10', 26, 28, 60, 49),
('P00340', '2019-04-11', 26, 28, 60, 43.5),
('P00341', '2019-04-12', 26, 28, 60, 55),
('P00342', '2019-04-13', 26, 28, 60, 55),
('P00343', '2019-04-14', 26, 28, 60, 67.5),
('P00344', '2019-04-15', 26, 28, 60, 60),
('P00345', '2019-04-16', 26, 28, 60, 53),
('P00346', '2019-04-17', 26, 28, 60, 47.5),
('P00347', '2019-04-18', 26, 28, 60, 48.5),
('P00348', '2019-04-19', 26, 28, 60, 55),
('P00349', '2019-04-20', 26, 28, 60, 61),
('P00350', '2019-04-21', 26, 28, 60, 55),
('P00351', '2019-04-22', 26, 28, 60, 93.5),
('P00352', '2019-04-23', 26, 28, 60, 90),
('P00353', '2019-04-24', 26, 28, 60, 70),
('P00354', '2019-04-25', 26, 28, 60, 35),
('P00355', '2019-04-26', 26, 28, 60, 43.5),
('P00356', '2019-04-27', 26, 28, 60, 44),
('P00357', '2019-04-28', 26, 28, 60, 48.5),
('P00358', '2019-04-29', 26, 28, 60, 63),
('P00359', '2019-04-30', 26, 28, 60, 57),
('P00360', '2019-05-01', 26, 28, 60, 47),
('P00361', '2019-05-02', 26, 28, 60, 40),
('P00362', '2019-05-03', 26, 28, 60, 40),
('P00363', '2019-05-04', 26, 28, 60, 40),
('P00364', '2019-05-05', 26, 28, 60, 40),
('P00365', '2019-05-06', 26, 28, 60, 41.5),
('P00366', '2019-05-07', 26, 28, 60, 56.5),
('P00367', '2019-05-08', 26, 28, 60, 44.5),
('P00368', '2019-05-09', 26, 28, 60, 41),
('P00369', '2019-05-10', 26, 28, 60, 43),
('P00370', '2019-05-11', 26, 28, 60, 32.5),
('P00371', '2019-05-12', 26, 28, 60, 29.5),
('P00372', '2019-05-13', 26, 28, 60, 30),
('P00373', '2019-05-14', 26, 28, 60, 53.5),
('P00374', '2019-05-15', 26, 28, 60, 60.5),
('P00375', '2019-05-16', 26, 28, 60, 59.5),
('P00376', '2019-05-17', 26, 28, 60, 48.5),
('P00377', '2019-05-18', 26, 28, 60, 44.9),
('P00378', '2019-05-19', 26, 28, 60, 44.5),
('P00379', '2019-05-20', 26, 28, 60, 44.5),
('P00380', '2019-05-21', 26, 28, 60, 52.5),
('P00381', '2019-05-22', 26, 28, 60, 43.3),
('P00382', '2019-05-23', 26, 28, 60, 40),
('P00383', '2019-05-24', 26, 28, 60, 42.8),
('P00384', '2019-05-25', 26, 28, 60, 36.7),
('P00385', '2019-05-26', 26, 28, 60, 32.4),
('P00386', '2019-05-27', 26, 28, 60, 55.9),
('P00387', '2019-05-28', 26, 28, 60, 53.5),
('P00388', '2019-05-29', 26, 28, 60, 59.5),
('P00389', '2019-05-30', 26, 28, 60, 50),
('P00390', '2019-05-31', 26, 28, 60, 31),
('P00391', '2019-06-01', 26, 28, 60, 43.4),
('P00392', '2019-06-02', 26, 28, 60, 45.8),
('P00393', '2019-06-03', 26, 28, 60, 43),
('P00394', '2019-06-04', 26, 28, 60, 37),
('P00395', '2019-06-05', 26, 28, 60, 18),
('P00396', '2019-06-06', 26, 28, 60, 80),
('P00397', '2019-06-07', 26, 28, 60, 99),
('P00398', '2019-06-08', 26, 28, 60, 74),
('P00399', '2019-06-09', 26, 28, 60, 54),
('P00400', '2019-06-10', 26, 28, 60, 72.5),
('P00401', '2019-06-11', 26, 28, 60, 75),
('P00402', '2019-06-12', 26, 28, 60, 35.7),
('P00403', '2019-06-13', 26, 28, 60, 26.5),
('P00404', '2019-06-14', 26, 28, 60, 26.6),
('P00405', '2019-06-15', 26, 28, 60, 24.5),
('P00406', '2019-06-16', 26, 28, 60, 21.5),
('P00407', '2019-06-17', 26, 28, 60, 24.2),
('P00408', '2019-06-18', 26, 28, 60, 29.4),
('P00409', '2019-06-19', 26, 28, 60, 26.7),
('P00410', '2019-06-20', 26, 28, 60, 30),
('P00411', '2019-06-21', 26, 28, 60, 31),
('P00412', '2019-06-22', 26, 28, 60, 39.2),
('P00413', '2019-06-23', 26, 28, 60, 38.4),
('P00414', '2019-06-24', 26, 28, 60, 48.9),
('P00415', '2019-06-25', 26, 28, 60, 43.5),
('P00416', '2019-06-26', 26, 28, 60, 45.1),
('P00417', '2019-06-27', 26, 28, 60, 39.5),
('P00418', '2019-06-28', 26, 28, 60, 25.5),
('P00419', '2019-06-29', 26, 28, 60, 41),
('P00420', '2019-06-30', 26, 28, 60, 35),
('P00421', '2019-07-01', 26, 28, 60, 38.5),
('P00422', '2019-07-02', 26, 28, 60, 39.3),
('P00423', '2019-07-03', 26, 28, 60, 37.1),
('P00424', '2019-07-04', 26, 28, 60, 37),
('P00425', '2019-07-05', 26, 28, 60, 30.5),
('P00426', '2019-07-06', 26, 28, 60, 23.1),
('P00427', '2019-07-07', 26, 28, 60, 30.1),
('P00428', '2019-07-08', 26, 28, 60, 44.6),
('P00429', '2019-07-09', 26, 28, 60, 40.5),
('P00430', '2019-07-10', 26, 28, 60, 50.4),
('P00431', '2019-07-11', 26, 28, 60, 36.2),
('P00432', '2019-07-12', 26, 28, 60, 28.9),
('P00433', '2019-07-13', 26, 28, 60, 43.8),
('P00434', '2019-07-14', 26, 28, 60, 37),
('P00435', '2019-07-15', 26, 28, 60, 26.9),
('P00436', '2019-07-16', 26, 28, 60, 30),
('P00437', '2019-07-17', 26, 28, 60, 30.8),
('P00438', '2019-07-18', 26, 28, 60, 31.9),
('P00439', '2019-07-19', 26, 28, 60, 41.7),
('P00440', '2019-07-20', 26, 28, 60, 38.8),
('P00441', '2019-07-21', 26, 28, 60, 30),
('P00442', '2019-07-22', 26, 28, 60, 36.6),
('P00443', '2019-07-23', 26, 28, 60, 35.1),
('P00444', '2019-07-24', 26, 28, 60, 38.2),
('P00445', '2019-07-25', 26, 28, 60, 46.9),
('P00446', '2019-07-26', 26, 28, 60, 48),
('P00447', '2019-07-27', 26, 28, 60, 53),
('P00448', '2019-07-28', 26, 28, 60, 40),
('P00449', '2019-07-29', 26, 28, 60, 40.1),
('P00450', '2019-07-30', 26, 28, 60, 37.5),
('P00451', '2019-07-31', 26, 28, 60, 34),
('P00452', '2019-08-01', 26, 28, 60, 34.4),
('P00453', '2019-08-02', 26, 28, 60, 39.7),
('P00454', '2019-08-03', 26, 28, 60, 39.3),
('P00455', '2019-08-04', 26, 28, 60, 26.2),
('P00456', '2019-08-05', 26, 28, 60, 33.3),
('P00457', '2019-08-06', 26, 28, 60, 26.7),
('P00458', '2019-08-07', 26, 28, 60, 33.4),
('P00459', '2019-08-08', 26, 28, 60, 36.9),
('P00460', '2019-08-09', 26, 28, 60, 39.2),
('P00461', '2019-08-10', 26, 28, 60, 18.5),
('P00462', '2019-08-11', 26, 28, 60, 21.5),
('P00463', '2019-08-12', 26, 28, 60, 37.4),
('P00464', '2019-08-13', 26, 28, 60, 41),
('P00465', '2019-08-14', 26, 28, 60, 52),
('P00466', '2019-08-15', 26, 28, 60, 55),
('P00467', '2019-08-16', 26, 28, 60, 59.5),
('P00468', '2019-08-17', 26, 28, 60, 37.5),
('P00469', '2019-08-18', 26, 28, 60, 42.5),
('P00470', '2019-08-19', 26, 28, 60, 31.9),
('P00471', '2019-08-20', 26, 28, 60, 34.2),
('P00472', '2019-08-21', 26, 28, 60, 24.1),
('P00473', '2019-08-22', 26, 28, 60, 27),
('P00474', '2019-08-23', 26, 28, 60, 17.2),
('P00475', '2019-08-24', 26, 28, 60, 16.1),
('P00476', '2019-08-25', 26, 28, 60, 21.9),
('P00477', '2019-08-26', 26, 28, 60, 27.9),
('P00478', '2019-08-27', 26, 28, 60, 31.2),
('P00479', '2019-08-28', 26, 28, 60, 27.8),
('P00480', '2019-08-29', 26, 28, 60, 29.4),
('P00481', '2019-08-30', 26, 28, 60, 36),
('P00482', '2019-08-31', 26, 28, 60, 24),
('P00483', '2019-09-01', 26, 28, 60, 25.2),
('P00484', '2019-09-02', 26, 28, 60, 28.9),
('P00485', '2019-09-03', 26, 28, 60, 28.4),
('P00486', '2019-09-04', 26, 28, 60, 25.6),
('P00487', '2019-09-05', 26, 28, 60, 27.9),
('P00488', '2019-09-06', 26, 28, 60, 25.8),
('P00489', '2019-09-07', 26, 28, 60, 31.4),
('P00490', '2019-09-08', 26, 28, 60, 32.3),
('P00491', '2019-09-09', 26, 28, 60, 39.3),
('P00492', '2019-09-10', 26, 28, 60, 27.5),
('P00493', '2019-09-11', 26, 28, 60, 25.3),
('P00494', '2019-09-12', 26, 28, 60, 25.8),
('P00495', '2019-09-13', 26, 28, 60, 34.1),
('P00496', '2019-09-14', 26, 28, 60, 41.7),
('P00497', '2019-09-15', 26, 28, 60, 46.9),
('P00498', '2019-09-16', 26, 28, 60, 35.4),
('P00499', '2019-09-17', 26, 28, 60, 35.1),
('P00500', '2019-09-18', 26, 28, 60, 26.2),
('P00501', '2019-09-19', 26, 28, 60, 26.3),
('P00502', '2019-09-20', 26, 28, 60, 37.3),
('P00503', '2019-09-21', 26, 28, 60, 39.3),
('P00504', '2019-09-22', 26, 28, 60, 37.5),
('P00505', '2019-09-23', 26, 28, 60, 32.1),
('P00506', '2019-09-24', 26, 28, 60, 31.7),
('P00507', '2019-09-25', 26, 28, 60, 26),
('P00508', '2019-09-26', 26, 28, 60, 30),
('P00509', '2019-09-27', 26, 28, 60, 35),
('P00510', '2019-09-28', 26, 28, 60, 37.4),
('P00511', '2019-09-29', 26, 28, 60, 42.5),
('P00512', '2019-09-30', 26, 28, 60, 33.6),
('P00513', '2019-10-01', 26, 28, 60, 27.5),
('P00514', '2019-10-02', 26, 28, 60, 30.6),
('P00515', '2019-10-03', 26, 28, 60, 37.5),
('P00516', '2019-10-04', 26, 28, 60, 35),
('P00517', '2019-10-05', 26, 28, 60, 36.5),
('P00518', '2019-10-06', 26, 28, 60, 45),
('P00519', '2019-10-07', 26, 28, 60, 42.4),
('P00520', '2019-10-08', 26, 28, 60, 49),
('P00521', '2019-10-09', 26, 28, 60, 49),
('P00522', '2019-10-10', 26, 28, 60, 40),
('P00523', '2019-10-11', 26, 28, 60, 38),
('P00524', '2019-10-12', 26, 28, 60, 30.9),
('P00525', '2019-10-13', 26, 28, 60, 44),
('P00526', '2019-10-14', 26, 28, 60, 26),
('P00527', '2019-10-15', 26, 28, 60, 37),
('P00528', '2019-10-16', 26, 28, 60, 34),
('P00529', '2019-10-17', 26, 28, 60, 34.5),
('P00530', '2019-10-18', 26, 28, 60, 31),
('P00531', '2019-10-19', 26, 28, 60, 32.5),
('P00532', '2019-10-20', 26, 28, 60, 30.2),
('P00533', '2019-10-21', 26, 28, 60, 35.6),
('P00534', '2019-10-22', 26, 28, 60, 34),
('P00535', '2019-10-23', 26, 28, 60, 28),
('P00536', '2019-10-24', 26, 28, 60, 28.5),
('P00537', '2019-10-25', 26, 28, 60, 30),
('P00538', '2019-10-26', 26, 28, 60, 31),
('P00539', '2019-10-27', 26, 28, 60, 49.3),
('P00540', '2019-10-28', 26, 28, 60, 39.8),
('P00541', '2019-10-29', 26, 28, 60, 29),
('P00542', '2019-10-30', 26, 28, 60, 26.8),
('P00543', '2019-10-31', 26, 28, 60, 28),
('P00544', '2019-11-01', 26, 28, 60, 35.1),
('P00545', '2019-11-02', 26, 28, 60, 41.8),
('P00546', '2019-11-03', 26, 28, 60, 46.5),
('P00547', '2019-11-04', 26, 28, 60, 52),
('P00548', '2019-11-05', 26, 28, 60, 41.9),
('P00549', '2019-11-06', 26, 28, 60, 57.5),
('P00550', '2019-11-07', 26, 28, 60, 54),
('P00551', '2019-11-08', 26, 28, 60, 54.7),
('P00552', '2019-11-09', 26, 28, 60, 42.5),
('P00553', '2019-11-10', 26, 28, 60, 37),
('P00554', '2019-11-11', 26, 28, 60, 35.3),
('P00555', '2019-11-12', 26, 28, 60, 41.1),
('P00556', '2019-11-13', 26, 28, 60, 56),
('P00557', '2019-11-14', 26, 28, 60, 54),
('P00558', '2019-11-15', 26, 28, 60, 50.3),
('P00559', '2019-11-16', 26, 28, 60, 48.3),
('P00560', '2019-11-17', 26, 28, 60, 50.2),
('P00561', '2019-11-18', 26, 28, 60, 45),
('P00562', '2019-11-19', 26, 28, 60, 55.5),
('P00563', '2019-11-20', 26, 28, 60, 45.5),
('P00564', '2019-11-21', 26, 28, 60, 51.5),
('P00565', '2019-11-22', 26, 28, 60, 45.5),
('P00566', '2019-11-23', 26, 28, 60, 51),
('P00567', '2019-11-24', 26, 28, 60, 57.5),
('P00568', '2019-11-25', 26, 28, 60, 50),
('P00569', '2019-11-26', 26, 28, 60, 33),
('P00570', '2019-11-27', 26, 28, 60, 38.4),
('P00571', '2019-11-28', 26, 28, 60, 46),
('P00572', '2019-11-29', 26, 28, 60, 51.8),
('P00573', '2019-11-30', 26, 28, 60, 62.6),
('P00574', '2019-12-01', 26, 28, 60, 68.5),
('P00575', '2019-12-02', 26, 28, 60, 58.3),
('P00576', '2019-12-03', 26, 28, 60, 60),
('P00577', '2019-12-04', 26, 28, 60, 73.5),
('P00578', '2019-12-05', 26, 28, 60, 73.4),
('P00579', '2019-12-06', 26, 28, 60, 82),
('P00580', '2019-12-07', 26, 28, 60, 86.4),
('P00581', '2019-12-08', 26, 28, 60, 77.5),
('P00582', '2019-12-09', 26, 28, 60, 50.5),
('P00583', '2019-12-10', 26, 28, 60, 42.5),
('P00584', '2019-12-11', 26, 28, 60, 44),
('P00585', '2019-12-12', 26, 28, 60, 40),
('P00586', '2019-12-13', 26, 28, 60, 47.5),
('P00587', '2019-12-14', 26, 28, 60, 63),
('P00588', '2019-12-15', 26, 28, 60, 69.3),
('P00589', '2019-12-16', 26, 28, 60, 78),
('P00590', '2019-12-17', 26, 28, 60, 76),
('P00591', '2019-12-18', 26, 28, 60, 70),
('P00592', '2019-12-19', 26, 28, 60, 67.5),
('P00593', '2019-12-20', 26, 28, 60, 84.5),
('P00594', '2019-12-21', 26, 28, 60, 107.5),
('P00595', '2019-12-22', 26, 28, 60, 96),
('P00596', '2019-12-23', 26, 28, 60, 97.6),
('P00597', '2019-12-24', 26, 28, 60, 99.4),
('P00598', '2019-12-25', 26, 28, 60, 74),
('P00599', '2019-12-26', 26, 28, 60, 64.5),
('P00600', '2019-12-27', 26, 28, 60, 60.5),
('P00601', '2019-12-28', 26, 28, 60, 53.2),
('P00602', '2019-12-29', 26, 28, 60, 48.5),
('P00603', '2019-12-30', 26, 28, 60, 58.4),
('P00604', '2019-12-31', 26, 28, 60, 58.5),
('P00605', '2020-01-01', 26, 28, 60, 45),
('P00606', '2020-01-02', 26, 28, 60, 120),
('P00607', '2020-01-03', 26, 28, 60, 123.4),
('P00608', '2020-01-04', 26, 28, 60, 130.5),
('P00609', '2020-01-05', 26, 28, 60, 159),
('P00610', '2020-01-06', 26, 28, 60, 123),
('P00611', '2020-01-07', 26, 28, 60, 98),
('P00612', '2020-01-08', 26, 28, 60, 104.8),
('P00613', '2020-01-09', 26, 28, 60, 96),
('P00614', '2020-01-10', 26, 28, 60, 74.4),
('P00615', '2020-01-11', 26, 28, 60, 58),
('P00616', '2020-01-12', 26, 28, 60, 50.5),
('P00617', '2020-01-13', 26, 28, 60, 42),
('P00618', '2020-01-14', 26, 28, 60, 37),
('P00619', '2020-01-15', 26, 28, 60, 32),
('P00620', '2020-01-16', 26, 28, 60, 27),
('P00621', '2020-01-17', 26, 28, 60, 29),
('P00622', '2020-01-18', 26, 28, 60, 36),
('P00623', '2020-01-19', 26, 28, 60, 33.5),
('P00624', '2020-01-20', 26, 28, 60, 50.3),
('P00625', '2020-01-21', 26, 28, 60, 55.1),
('P00626', '2020-01-22', 26, 28, 60, 52.3),
('P00627', '2020-01-23', 26, 28, 60, 48),
('P00628', '2020-01-24', 26, 28, 60, 51.5),
('P00629', '2020-01-25', 26, 28, 60, 45),
('P00630', '2020-01-26', 26, 28, 60, 52),
('P00631', '2020-01-27', 26, 28, 60, 61),
('P00632', '2020-01-28', 26, 28, 60, 54.1),
('P00633', '2020-01-29', 26, 28, 60, 40),
('P00634', '2020-01-30', 26, 28, 60, 44.9),
('P00635', '2020-01-31', 26, 28, 60, 35.7),
('P00636', '2020-02-01', 26, 28, 60, 31.6),
('P00637', '2020-02-02', 26, 28, 60, 40),
('P00638', '2020-02-03', 26, 28, 60, 37.6),
('P00639', '2020-02-04', 26, 28, 60, 36),
('P00640', '2020-02-05', 26, 28, 60, 38),
('P00641', '2020-02-06', 26, 28, 60, 33.5),
('P00642', '2020-02-07', 26, 28, 60, 53.6),
('P00643', '2020-02-08', 26, 28, 60, 53.8),
('P00644', '2020-02-09', 26, 28, 60, 58.1),
('P00645', '2020-02-10', 26, 28, 60, 69.3),
('P00646', '2020-02-11', 26, 28, 60, 68),
('P00647', '2020-02-12', 26, 28, 60, 66.1),
('P00648', '2020-02-13', 26, 28, 60, 48.2),
('P00649', '2020-02-14', 26, 28, 60, 36),
('P00650', '2020-02-15', 26, 28, 60, 34.5),
('P00651', '2020-02-16', 26, 28, 60, 31.6),
('P00652', '2020-02-17', 26, 28, 60, 30),
('P00653', '2020-02-18', 26, 28, 60, 35.8),
('P00654', '2020-02-19', 26, 28, 60, 35.2),
('P00655', '2020-02-20', 26, 28, 60, 33.7),
('P00656', '2020-02-21', 26, 28, 60, 35),
('P00657', '2020-02-22', 26, 28, 60, 37),
('P00658', '2020-02-23', 26, 28, 60, 42.5),
('P00659', '2020-02-24', 26, 28, 60, 30.5),
('P00660', '2020-02-25', 26, 28, 60, 35.7),
('P00661', '2020-02-26', 26, 28, 60, 45),
('P00662', '2020-02-27', 26, 28, 60, 41.5),
('P00663', '2020-02-28', 26, 28, 60, 44.9),
('P00664', '2020-02-29', 26, 28, 60, 46.5),
('P00665', '2020-03-01', 26, 28, 60, 41),
('P00666', '2020-03-02', 26, 28, 60, 34.1),
('P00667', '2020-03-03', 26, 28, 60, 36.5),
('P00668', '2020-03-04', 26, 28, 60, 40.4),
('P00669', '2020-03-05', 26, 28, 60, 45),
('P00670', '2020-03-06', 26, 28, 60, 30.8),
('P00671', '2020-03-07', 26, 28, 60, 33),
('P00672', '2020-03-08', 26, 28, 60, 38),
('P00673', '2020-03-09', 26, 28, 60, 47),
('P00674', '2020-03-10', 26, 28, 60, 58.5),
('P00675', '2020-03-11', 26, 28, 60, 58.3),
('P00676', '2020-03-12', 26, 28, 60, 53.5),
('P00677', '2020-03-13', 26, 28, 60, 61.3),
('P00678', '2020-03-14', 26, 28, 60, 50.4),
('P00679', '2020-03-15', 26, 28, 60, 51.5),
('P00680', '2020-03-16', 26, 28, 60, 45.4),
('P00681', '2020-03-17', 26, 28, 60, 51.2),
('P00682', '2020-03-18', 26, 28, 60, 38.2),
('P00683', '2020-03-19', 26, 28, 60, 37),
('P00684', '2020-03-20', 26, 28, 60, 37.4),
('P00685', '2020-03-21', 26, 28, 60, 29.5),
('P00686', '2020-03-22', 26, 28, 60, 40.5),
('P00687', '2020-03-23', 26, 28, 60, 34),
('P00688', '2020-03-24', 26, 28, 60, 38.8),
('P00689', '2020-03-25', 26, 28, 60, 43.9),
('P00690', '2020-03-26', 26, 28, 60, 43),
('P00691', '2020-03-27', 26, 28, 60, 52.3),
('P00692', '2020-03-28', 26, 28, 60, 54.5),
('P00693', '2020-03-29', 26, 28, 60, 40.4),
('P00694', '2020-03-30', 26, 28, 60, 35.9),
('P00695', '2020-03-31', 26, 28, 60, 31.2),
('P00696', '2020-04-01', 26, 28, 60, 38.3),
('P00697', '2020-04-02', 26, 28, 60, 36.3),
('P00698', '2020-04-03', 26, 28, 60, 23.2),
('P00699', '2020-04-04', 26, 28, 60, 23.3),
('P00700', '2020-04-05', 26, 28, 60, 26.5),
('P00701', '2020-04-06', 26, 28, 60, 22.6),
('P00702', '2020-04-07', 26, 28, 60, 22),
('P00703', '2020-04-08', 26, 28, 60, 22),
('P00704', '2020-04-09', 26, 28, 60, 25.4),
('P00705', '2020-04-10', 26, 28, 60, 22.9),
('P00706', '2020-04-11', 26, 28, 60, 14.5),
('P00707', '2020-04-12', 26, 28, 60, 14.5),
('P00708', '2020-04-13', 26, 28, 60, 14),
('P00709', '2020-04-14', 26, 28, 60, 15.3),
('P00710', '2020-04-15', 26, 28, 60, 26.2),
('P00711', '2020-04-16', 26, 28, 60, 26.5),
('P00712', '2020-04-17', 26, 28, 60, 30.2),
('P00713', '2020-04-18', 26, 28, 60, 27.7),
('P00714', '2020-04-19', 26, 28, 60, 21.6),
('P00715', '2020-04-20', 26, 28, 60, 17.9),
('P00716', '2020-04-21', 26, 28, 60, 16.9),
('P00717', '2020-04-22', 26, 28, 60, 12.2),
('P00718', '2020-04-23', 26, 28, 60, 16.7),
('P00719', '2020-04-24', 26, 28, 60, 11.3),
('P00720', '2020-04-25', 26, 28, 60, 10),
('P00721', '2020-04-26', 26, 28, 60, 12.7),
('P00722', '2020-04-27', 26, 28, 60, 10.6),
('P00723', '2020-04-28', 26, 28, 60, 13),
('P00724', '2020-04-29', 26, 28, 60, 10.2),
('P00725', '2020-04-30', 26, 28, 60, 10.3),
('P00726', '2020-05-01', 26, 28, 60, 13.2),
('P00727', '2020-05-02', 26, 28, 60, 11),
('P00728', '2020-05-03', 26, 28, 60, 10),
('P00729', '2020-05-04', 26, 28, 60, 13),
('P00730', '2020-05-05', 26, 28, 60, 16.8),
('P00731', '2020-05-06', 26, 28, 60, 18),
('P00732', '2020-05-07', 26, 28, 60, 23.2),
('P00733', '2020-05-08', 26, 28, 60, 18.1),
('P00734', '2020-05-09', 26, 28, 60, 22.4),
('P00735', '2020-05-10', 26, 28, 60, 21),
('P00736', '2020-05-11', 26, 28, 60, 18.4),
('P00737', '2020-05-12', 26, 28, 60, 13),
('P00738', '2020-05-13', 26, 28, 60, 13),
('P00739', '2020-05-14', 26, 28, 60, 14.5),
('P00740', '2020-05-15', 26, 28, 60, 14),
('P00741', '2020-05-16', 26, 28, 60, 8.5),
('P00742', '2020-05-17', 26, 28, 60, 17),
('P00743', '2020-05-18', 26, 28, 60, 14.7),
('P00744', '2020-05-19', 26, 28, 60, 14.2),
('P00745', '2020-05-20', 26, 28, 60, 8.5),
('P00746', '2020-05-21', 26, 28, 60, 11),
('P00747', '2020-05-22', 26, 28, 60, 12),
('P00748', '2020-05-23', 26, 28, 60, 0),
('P00749', '2020-05-24', 26, 28, 60, 20),
('P00750', '2020-05-25', 26, 28, 60, 13),
('P00751', '2020-05-26', 26, 28, 60, 10),
('P00752', '2020-05-27', 26, 28, 60, 12),
('P00753', '2020-05-28', 26, 28, 60, 12.5),
('P00754', '2020-05-29', 26, 28, 60, 21.5),
('P00755', '2020-05-30', 26, 28, 60, 20.8),
('P00756', '2020-05-31', 26, 28, 60, 14);

-- --------------------------------------------------------

--
-- Table structure for table `skala_x`
--

CREATE TABLE `skala_x` (
  `id_skala` int(2) NOT NULL,
  `thn` int(4) NOT NULL,
  `krtl` int(2) NOT NULL,
  `nilai` int(2) NOT NULL
) ENGINE=InnoDB DEFAULT CHARSET=latin1;

--
-- Dumping data for table `skala_x`
--

INSERT INTO `skala_x` (`id_skala`, `thn`, `krtl`, `nilai`) VALUES
(1, 2018, 1, -5),
(2, 2018, 2, -4),
(3, 2018, 3, -3),
(4, 2018, 4, -2),
(5, 2019, 1, -1),
(6, 2019, 2, 0),
(7, 2019, 3, 1),
(8, 2019, 4, 2),
(9, 2020, 1, 3),
(10, 2020, 2, 4),
(11, 2020, 3, 5),
(12, 2020, 4, 6);

-- --------------------------------------------------------

--
-- Table structure for table `tmp`
--

CREATE TABLE `tmp` (
  `id_tmp` varchar(4) NOT NULL,
  `id_user` varchar(6) DEFAULT NULL
) ENGINE=InnoDB DEFAULT CHARSET=latin1;

-- --------------------------------------------------------

--
-- Table structure for table `trend`
--

CREATE TABLE `trend` (
  `id_trend` int(5) NOT NULL,
  `id_peramalan` varchar(5) NOT NULL,
  `tahun` int(4) NOT NULL,
  `kuartal` int(1) NOT NULL,
  `hasil_trend` double NOT NULL
) ENGINE=InnoDB DEFAULT CHARSET=latin1;

--
-- Dumping data for table `trend`
--

INSERT INTO `trend` (`id_trend`, `id_peramalan`, `tahun`, `kuartal`, `hasil_trend`) VALUES
(209, 'Fc001', 2018, 1, 2766.7248046875),
(210, 'Fc002', 2018, 2, 3006.759375),
(211, 'Fc003', 2018, 3, 3188.0716796875),
(212, 'Fc004', 2018, 4, 3310.66171875),
(213, 'Fc005', 2019, 1, 3374.5294921875),
(214, 'Fc006', 2019, 2, 3379.675),
(215, 'Fc007', 2019, 3, 3326.0982421875),
(216, 'Fc008', 2019, 4, 3213.79921875),
(217, 'Fc009', 2020, 1, 3042.7779296875),
(218, 'Fc010', 2020, 2, 2813.034375),
(219, 'Fc011', 2020, 3, 2524.5685546875),
(220, 'Fc012', 2020, 4, 2177.38046875);

-- --------------------------------------------------------

--
-- Table structure for table `user`
--

CREATE TABLE `user` (
  `id_user` varchar(6) NOT NULL,
  `nama_user` varchar(30) NOT NULL,
  `jenis_kelamin` enum('Laki - Laki','Perempuan') NOT NULL,
  `alamat` tinytext NOT NULL,
  `jabatan` enum('Admin','Pegawai') NOT NULL,
  `username` varchar(30) NOT NULL,
  `password` varchar(60) NOT NULL
) ENGINE=InnoDB DEFAULT CHARSET=latin1;

--
-- Dumping data for table `user`
--

INSERT INTO `user` (`id_user`, `nama_user`, `jenis_kelamin`, `alamat`, `jabatan`, `username`, `password`) VALUES
('JAS001', 'Muhammad Riezqi', 'Laki - Laki', 'Sumbersari - Jember', 'Admin', 'admin', '$2y$10$V7A2zFB153bZeBw.N6JG9.EgzxYwktYqgR7ukfOGruklGCH7FYjEq'),
('JAS002', 'Alex Rudi Herlambang', 'Laki - Laki', 'Mlokorejo, Puger - Jember', 'Pegawai', 'alex', '$2y$10$q0F/.mtlHQVrF0NHz6PnUugLDKqSi2wYjRofp6O.7OHP82hu379/6'),
('JAS003', 'Paijo Diningratan', 'Laki - Laki', 'Jogjakarta', 'Admin', 'paijo', '$2y$10$0TAH3A99P8fy3mAP/SKRduAOMHSYis0jpp5dWS.LmTRU0kW8Omdzy'),
('JAS004', 'Bambang', 'Laki - Laki', 'jogja', 'Pegawai', 'BAMBANG', '$2y$10$QJaUFJT7L/YaeofZ7cR0m.GWvYjAO0LSiajH7kJtDVP1w29Iqjl..');

--
-- Indexes for dumped tables
--

--
-- Indexes for table `indeks_musiman`
--
ALTER TABLE `indeks_musiman`
  ADD PRIMARY KEY (`id_indeks_musiman`),
  ADD UNIQUE KEY `id_peramalan` (`id_peramalan`);

--
-- Indexes for table `kesalahan`
--
ALTER TABLE `kesalahan`
  ADD PRIMARY KEY (`id_kesalahan`),
  ADD UNIQUE KEY `id_peramalan` (`id_peramalan`);

--
-- Indexes for table `keuntungan`
--
ALTER TABLE `keuntungan`
  ADD PRIMARY KEY (`id_keuntungan`);

--
-- Indexes for table `kuartal`
--
ALTER TABLE `kuartal`
  ADD PRIMARY KEY (`id_kuartal`);

--
-- Indexes for table `nk`
--
ALTER TABLE `nk`
  ADD PRIMARY KEY (`id_nk`);

--
-- Indexes for table `peramalan`
--
ALTER TABLE `peramalan`
  ADD PRIMARY KEY (`id_peramalan`);

--
-- Indexes for table `permintaan_pasar`
--
ALTER TABLE `permintaan_pasar`
  ADD PRIMARY KEY (`id_permintaan_pasar`);

--
-- Indexes for table `skala_x`
--
ALTER TABLE `skala_x`
  ADD PRIMARY KEY (`id_skala`);

--
-- Indexes for table `tmp`
--
ALTER TABLE `tmp`
  ADD PRIMARY KEY (`id_tmp`),
  ADD UNIQUE KEY `id_user` (`id_user`);

--
-- Indexes for table `trend`
--
ALTER TABLE `trend`
  ADD PRIMARY KEY (`id_trend`),
  ADD UNIQUE KEY `id_peramalan` (`id_peramalan`);

--
-- Indexes for table `user`
--
ALTER TABLE `user`
  ADD PRIMARY KEY (`id_user`);

--
-- AUTO_INCREMENT for dumped tables
--

--
-- AUTO_INCREMENT for table `indeks_musiman`
--
ALTER TABLE `indeks_musiman`
  MODIFY `id_indeks_musiman` int(5) NOT NULL AUTO_INCREMENT, AUTO_INCREMENT=183;

--
-- AUTO_INCREMENT for table `kesalahan`
--
ALTER TABLE `kesalahan`
  MODIFY `id_kesalahan` int(5) NOT NULL AUTO_INCREMENT, AUTO_INCREMENT=169;

--
-- AUTO_INCREMENT for table `keuntungan`
--
ALTER TABLE `keuntungan`
  MODIFY `id_keuntungan` int(1) NOT NULL AUTO_INCREMENT, AUTO_INCREMENT=4;

--
-- AUTO_INCREMENT for table `kuartal`
--
ALTER TABLE `kuartal`
  MODIFY `id_kuartal` int(1) NOT NULL AUTO_INCREMENT, AUTO_INCREMENT=5;

--
-- AUTO_INCREMENT for table `nk`
--
ALTER TABLE `nk`
  MODIFY `id_nk` int(11) NOT NULL AUTO_INCREMENT, AUTO_INCREMENT=10;

--
-- AUTO_INCREMENT for table `skala_x`
--
ALTER TABLE `skala_x`
  MODIFY `id_skala` int(2) NOT NULL AUTO_INCREMENT, AUTO_INCREMENT=13;

--
-- AUTO_INCREMENT for table `trend`
--
ALTER TABLE `trend`
  MODIFY `id_trend` int(5) NOT NULL AUTO_INCREMENT, AUTO_INCREMENT=221;

--
-- Constraints for dumped tables
--

--
-- Constraints for table `tmp`
--
ALTER TABLE `tmp`
  ADD CONSTRAINT `tmp_ibfk_1` FOREIGN KEY (`id_user`) REFERENCES `user` (`id_user`);
COMMIT;

/*!40101 SET CHARACTER_SET_CLIENT=@OLD_CHARACTER_SET_CLIENT */;
/*!40101 SET CHARACTER_SET_RESULTS=@OLD_CHARACTER_SET_RESULTS */;
/*!40101 SET COLLATION_CONNECTION=@OLD_COLLATION_CONNECTION */;
